Sample,CDR3,nReads
sample09,CASSVGTGGTSGEKQFF,1
sample09,CARQPRAISSIYF,1
sample09,CASSVSGPRWEAFF,2
sample09,CASSSDRENEQFF,1
sample09,CARDLGDCSAGGSLSAFF,1
sample09,CLQHNTYPYTF,2
sample09,CASSASYEQFF,1
sample09,CGLRTLRQHSFLLLLFF,1
sample09,CASSLAQGNEQFF,2
sample09,CASSPNRGRGENTEAFF,1
sample09,CASSQSPTGGASNEQFF,1
sample09,CASSSPGAGDPYEQYF,3
sample09,CAMNDYGQNF,17
sample09,CASRQGRVWQPQHF,5
sample09,CASSLSGAPENEQFF,1
sample09,CAMSAGVGAGSYQLTF,1
sample09,CATSRMAGESYEQYF,1
sample09,CASSFTVDQPQHF,2
sample09,CASSREDRFLHF,2
sample09,CATGAFNKF,1
sample09,CAFSSSLFF,1
sample09,CASSPHGRTYEQYF,1
sample09,CASNPGQGRTEAFF,4
sample09,CARDMGDCSAGRCWSAFF,2
sample09,CASSFGGQSYNEQFF,1
sample09,CASSLGDRGPNQPQHF,1
sample09,CATGLFF,2
sample09,CAVQGVTGGGNKLTF,8
sample09,CLKLPIRGHCQSSQFLSYYLTF,4
sample09,CARTYTRNIVLVPAAILHF,3
sample09,CGICLFF,1
sample09,CASSLSGITEAFF,1
sample09,CASSYLNTEAFF,1
sample09,CIHSIFPFLCSFLFLFLLFF,1
sample09,CATSDLGTDTQYF,1
sample09,CAGLLYNFNKF,1
sample09,CASSYRLGSPFSYEQYF,1
sample09,CASSLERKTSLHF,1
sample09,CARERIVDYTF,3
sample09,CASSLSGGGRNEQFF,2
sample09,CAALRGGQNF,2
sample09,CVTSSKSLLFCLFF,2
sample09,CGTPLHF,1
sample09,CVHFFFFFLLFF,1
sample09,CASSQDLASGGKLNEQFF,2
sample09,CLQDYNYPLTF,1
sample09,CARDAGYCSSTNCYTF,1
sample09,CVSRSQYF,1
sample09,CASSLQGETYEQYF,1
sample09,CASSVGTVPLHF,3
sample09,CLQDYDYPYTF,1
sample09,CASSPRGGGAFSYGGYTF,1
sample09,CASRPGGSGGYNEQFF,1
sample09,CASSLGGSVSNTEAFF,1
sample09,CASSRPGGNTEAFF,3
sample09,CASSLGGVGDTQYF,1
sample09,CGISLFF,1
sample09,CATKHLPVWFPLHF,35
sample09,CGFCKLTF,1
sample09,CLFFQFPLFSFCSLPMYFCLFF,2
sample09,CASSLNRAGGNTIYF,2
sample09,CASSSLRAGGFMNTEAFF,2
sample09,CAVEQGLTGGGNKLTF,1
sample09,CASSPGQGAGYTF,1
sample09,CGLRSGPKNLFF,1
sample09,CAKANSCQHF,1
sample09,CGGMQGTDTTGAAARFSARIFRAFF,1
sample09,CASSPSGADLPYEQYF,1
sample09,CGLGDYTF,1
sample09,CASSLDSGNTIYF,2
sample09,CASRGTGGTYEQYF,1
sample09,CVYSMLHF,8
sample09,CASSRWGGGEAFF,3
sample09,CASSYLMSASDSYYEQYF,1
sample09,CASSRTYEQYF,4
sample09,CASSERSETDGYTF,2
sample09,CATDAGVGRLTF,1
sample09,CLPLFLAFF,1
sample09,CVNSFFFSLIGFCSSDCPLNLFF,1
sample09,CATSAGRGSGANVLTF,3
sample09,CASSPGTPGDEQFF,1
sample09,CASSQARFGTENTEAFF,1
sample09,CASSLGDRSEAFF,2
sample09,CASSAYEQYF,1
sample09,CVYWVPTQYVDAIKDTVLRKWQYF,1
sample09,CVVSLLYNFNKF,12
sample09,CASNPGGAGHSYNEQFF,2
sample09,CGNTPSLRSKIIPGPEDQTVLFF,1
sample09,CAISEPLLEPHEQYF,1
sample09,CASSLLGLHNEQFF,2
sample09,CGFAVYFLFPANFLTF,4
sample09,CAFFFFFFLDKILLFF,1
sample09,CASSTLAGPTETQYF,2
sample09,CARWADHFDSSGYSYAFF,1
sample09,CLQHNSYPLTF,1
sample09,CASSQDNRGWGDTQYF,10
sample09,CASSPQIGAGSHNEQFF,1
sample09,CASSPPGNTEAFF,3
sample09,CLHHYNYPF,1
sample09,CALKNTGNQF,1
sample09,CVCLSFPLTF,1
sample09,CLQHYNYPF,1
sample09,CGSRSLFF,58
sample09,CASSVGTGGGYTF,3
sample09,CATYYCQQLNNYPPLF,26
sample09,CASKTSGGGLDEQFF,5
sample09,CLWCNHSEVRLFLFPLHF,25
sample09,CAFFLLHF,10
sample09,CASSLRDSQETQYF,4
sample09,CATSSGGVLGNQPQHF,1
sample09,CGLTLHWASLFF,1
sample09,CASRRGHTEAFF,2
sample09,CASSYTYNEQFF,2
sample09,CASSWGGGYEDTQYF,2
sample09,CASSLALSQNQPQHF,2
sample09,CASSLVGRGLYEQYF,1
sample09,CASSFGTEAFF,4
sample09,CARCLGRQFF,1
sample09,CICLSIYF,1
sample09,CAALLFF,2
sample09,CLWGTHSELWLFLFPLHF,1
sample09,CASSLGSSSYEQYF,1
sample09,CIHIFLFF,1
sample09,CGQTLTF,1
sample09,CVHTGAGYQLLFF,2
sample09,CASSESSGRGNTQYF,1
sample09,CILIRIYF,1
sample09,CGLSQLHQVFFFLNFQVSLQLFLHF,1
sample09,CASSGVSRGEQYF,4
sample09,CASSPLRGGAADTQYF,1
sample09,CASSVGGSNQPQHF,2
sample09,CASKDGTGSYNEQFF,41
sample09,CAVRDLRGGADGLTF,1
sample09,CASSPGTISYEQYF,1
sample09,CASSLGGAQGQPQHF,1
sample09,CASSPTGSTEAFF,9
sample09,CLYIYIKKETLFIYLFTYLFLFF,1
sample09,CARSVYYFDSGSHYTF,1
sample09,CATSDSMYNEQFF,1
sample09,CATSDSGVDGYTF,2
sample09,CASSLGLQGVNTEAFF,1
sample09,CAISARAGESEHYGYTF,1
sample09,CASSFRGDRNEQFF,48
sample09,CASSPKRAGEQYF,1
sample09,CASSLAVGNWNTEAFF,1
sample09,CASSSLSPEAFF,1
sample09,CADKNTGNQF,7
sample09,CASSAGGGDPYNEQFF,2
